Family,genome_count,fraction,percentage
Unknown,2439,0.12316315709740948,12.316315709740948
Steitzviridae,1289,0.065091147805888,6.5091147805888
Geminiviridae,975,0.049234964399333433,4.923496439933343
Fiersviridae,827,0.04176134929051154,4.1761349290511545
Picornaviridae,649,0.03277281220017169,3.277281220017169
Rhabdoviridae,645,0.03257082260263596,3.257082260263596
Peribunyaviridae,606,0.030601424026662626,3.0601424026662625
Phenuiviridae,487,0.02459223349997475,2.459223349997475
Autotranscriptaviridae,411,0.02075443114679594,2.075443114679594
Papillomaviridae,343,0.017320607988688584,1.7320607988688583
Spinareoviridae,335,0.01691662879361713,1.691662879361713
Sedoreoviridae,315,0.015906680805938492,1.5906680805938493
Potyviridae,285,0.014391758824420542,1.4391758824420542
Autoscriptoviridae,277,0.013987779629349089,1.3987779629349089
Adenoviridae,262,0.013230318638590113,1.3230318638590113
Atkinsviridae,262,0.013230318638590113,1.3230318638590113
Parvoviridae,243,0.01227086805029541,1.227086805029541
Secoviridae,239,0.012068878452759682,1.2068878452759682
Genomoviridae,237,0.01196788365399182,1.196788365399182
Drexlerviridae,236,0.011917386254607887,1.1917386254607887
Anelloviridae,227,0.011462909660152502,1.1462909660152503
Nairoviridae,210,0.010604453870625663,1.0604453870625663
Straboviridae,209,0.010553956471241731,1.0553956471241732
Demerecviridae,196,0.00989749027925062,0.9897490279250619
Hantaviridae,170,0.008584557895268394,0.8584557895268394
Arenaviridae,169,0.008534060495884462,0.8534060495884461
Botourmiaviridae,169,0.008534060495884462,0.8534060495884461
Bromoviridae,158,0.007978589102661212,0.7978589102661212
Circoviridae,158,0.007978589102661212,0.7978589102661212
Paramyxoviridae,154,0.007776599505125486,0.7776599505125487
Betaflexiviridae,148,0.007473615108821895,0.7473615108821895
Flaviviridae,148,0.007473615108821895,0.7473615108821895
Smacoviridae,143,0.007221128111902237,0.7221128111902236
Herelleviridae,142,0.0071706307125183055,0.7170630712518306
Peduoviridae,126,0.006362672322375398,0.6362672322375398
Aliceevansviridae,126,0.006362672322375398,0.6362672322375398
Solemoviridae,125,0.006312174922991466,0.6312174922991466
Andersonviridae,123,0.006211180124223602,0.6211180124223602
Polyomaviridae,122,0.006160682724839671,0.6160682724839671
Orthoherpesviridae,117,0.005908195727920012,0.5908195727920013
Schitoviridae,106,0.005352724334696763,0.5352724334696763
Baculoviridae,106,0.005352724334696763,0.5352724334696763
Mitoviridae,105,0.005302226935312832,0.5302226935312832
Caulimoviridae,104,0.0052517295359288995,0.52517295359289
Solspiviridae,101,0.0051002373377771046,0.5100237337777105
Autonotataviridae,99,0.004999242539009241,0.4999242539009241
Nanoviridae,99,0.004999242539009241,0.4999242539009241
Tombusviridae,98,0.00494874513962531,0.49487451396253096
Chrysoviridae,94,0.0047467555420895825,0.47467555420895824
Sarkviridae,88,0.004443771145785992,0.4443771145785992
Kanorauviridae,88,0.004443771145785992,0.4443771145785992
Virgaviridae,86,0.004342776347018128,0.4342776347018128
Alphasatellitidae,84,0.0042417815482502655,0.4241781548250266
Tospoviridae,79,0.003989294551330606,0.3989294551330606
Inoviridae,78,0.003938797151946675,0.39387971519466747
Autosignataviridae,76,0.0038378023531788113,0.38378023531788114
Mymonaviridae,74,0.0037368075544109477,0.37368075544109475
Alphaflexiviridae,74,0.0037368075544109477,0.37368075544109475
Closteroviridae,70,0.003534817956875221,0.3534817956875221
Partitiviridae,70,0.003534817956875221,0.3534817956875221
Vandenendeviridae,69,0.003484320557491289,0.34843205574912894
Draupnirviridae,67,0.0033833257587234256,0.33833257587234256
Lindbergviridae,67,0.0033833257587234256,0.33833257587234256
Kyanoviridae,66,0.003332828359339494,0.33328283593394936
Stackebrandtviridae,66,0.003332828359339494,0.33328283593394936
Ackermannviridae,63,0.003181336161187699,0.3181336161187699
Coronaviridae,59,0.002979346563651972,0.29793465636519717
Poxviridae,57,0.0028783517648841087,0.28783517648841084
Umezonoviridae,55,0.002777356966116245,0.2777356966116245
Iridoviridae,54,0.0027268595667323133,0.2726859566732313
Retroviridae,54,0.0027268595667323133,0.2726859566732313
Togaviridae,53,0.0026763621673483815,0.2676362167348382
Casjensviridae,51,0.002575367368580518,0.2575367368580518
Orthomyxoviridae,50,0.002524869969196586,0.2524869969196586
Chimalliviridae,50,0.002524869969196586,0.2524869969196586
Ouroboviridae,50,0.002524869969196586,0.2524869969196586
Hepadnaviridae,50,0.002524869969196586,0.2524869969196586
Phasmaviridae,47,0.0023733777710447912,0.23733777710447912
Pseudototiviridae,46,0.0023228803716608595,0.23228803716608595
Chuviridae,45,0.0022723829722769277,0.22723829722769276
Lispiviridae,45,0.0022723829722769277,0.22723829722769276
Hypoviridae,44,0.002221885572892996,0.2221885572892996
Fimoviridae,41,0.002070393374741201,0.2070393374741201
Casidaviridae,41,0.002070393374741201,0.2070393374741201
Nodaviridae,40,0.002019895975357269,0.20198959753572693
Rountreeviridae,38,0.0019189011765894056,0.19189011765894057
Blumeviridae,38,0.0019189011765894056,0.19189011765894057
Kitaviridae,37,0.0018684037772054738,0.18684037772054737
Suoliviridae,36,0.0018179063778215423,0.18179063778215424
Salasmaviridae,35,0.0017674089784376105,0.17674089784376104
Fusariviridae,34,0.0017169115790536787,0.17169115790536787
Mesyanzhinovviridae,33,0.001666414179669747,0.16664141796697468
Birnaviridae,33,0.001666414179669747,0.16664141796697468
Orthototiviridae,32,0.0016159167802858154,0.16159167802858154
Endornaviridae,31,0.0015654193809018836,0.15654193809018835
Mktvariviridae,31,0.0015654193809018836,0.15654193809018835
Tymoviridae,31,0.0015654193809018836,0.15654193809018835
Chaseviridae,30,0.0015149219815179518,0.15149219815179518
Geplanaviridae,30,0.0015149219815179518,0.15149219815179518
Nyamiviridae,29,0.00146442458213402,0.146442458213402
Mahapunaviridae,29,0.00146442458213402,0.146442458213402
Caliciviridae,29,0.00146442458213402,0.146442458213402
Vilyaviridae,27,0.0013634297833661567,0.13634297833661566
Stanwilliamsviridae,27,0.0013634297833661567,0.13634297833661566
Bornaviridae,27,0.0013634297833661567,0.13634297833661566
Zierdtviridae,27,0.0013634297833661567,0.13634297833661566
Vilmaviridae,27,0.0013634297833661567,0.13634297833661566
Redondoviridae,26,0.0013129323839822249,0.1312932383982225
Oomyviridae,26,0.0013129323839822249,0.1312932383982225
Xinmoviridae,25,0.001262434984598293,0.1262434984598293
Splipalmiviridae,25,0.001262434984598293,0.1262434984598293
Hepeviridae,24,0.0012119375852143615,0.12119375852143616
Tobaniviridae,24,0.0012119375852143615,0.12119375852143616
Arteriviridae,23,0.0011614401858304297,0.11614401858304298
Amalgaviridae,23,0.0011614401858304297,0.11614401858304298
Adamaviridae,22,0.001110942786446498,0.1110942786446498
Astroviridae,22,0.001110942786446498,0.1110942786446498
Cystoviridae,21,0.0010604453870625664,0.10604453870625664
Berryhillviridae,21,0.0010604453870625664,0.10604453870625664
Hodgkinviridae,21,0.0010604453870625664,0.10604453870625664
Microviridae,21,0.0010604453870625664,0.10604453870625664
Phycodnaviridae,21,0.0010604453870625664,0.10604453870625664
Connertonviridae,20,0.0010099479876786346,0.10099479876786346
Asfarviridae,20,0.0010099479876786346,0.10099479876786346
Bacilladnaviridae,20,0.0010099479876786346,0.10099479876786346
Marnaviridae,20,0.0010099479876786346,0.10099479876786346
Fusagraviridae,20,0.0010099479876786346,0.10099479876786346
Ehrlichviridae,19,0.0009594505882947028,0.09594505882947028
Intestiviridae,19,0.0009594505882947028,0.09594505882947028
Filoviridae,18,0.0009089531889107711,0.09089531889107712
Guelinviridae,17,0.0008584557895268394,0.08584557895268394
Rudiviridae,17,0.0008584557895268394,0.08584557895268394
Steigviridae,17,0.0008584557895268394,0.08584557895268394
Iflaviridae,16,0.0008079583901429077,0.08079583901429077
Inseviridae,16,0.0008079583901429077,0.08079583901429077
Pleolipoviridae,16,0.0008079583901429077,0.08079583901429077
Dicistroviridae,16,0.0008079583901429077,0.08079583901429077
Grimontviridae,16,0.0008079583901429077,0.08079583901429077
Nixviridae,15,0.0007574609907589759,0.07574609907589759
Polycipiviridae,15,0.0007574609907589759,0.07574609907589759
Pecoviridae,15,0.0007574609907589759,0.07574609907589759
Mimiviridae,15,0.0007574609907589759,0.07574609907589759
Jeanschmidtviridae,14,0.0007069635913750442,0.07069635913750442
Nudiviridae,14,0.0007069635913750442,0.07069635913750442
Mesoniviridae,14,0.0007069635913750442,0.07069635913750442
Naryaviridae,14,0.0007069635913750442,0.07069635913750442
Polymycoviridae,14,0.0007069635913750442,0.07069635913750442
Discoviridae,14,0.0007069635913750442,0.07069635913750442
Nimaviridae,13,0.0006564661919911124,0.06564661919911124
Colingsworthviridae,13,0.0006564661919911124,0.06564661919911124
Spiciviridae,13,0.0006564661919911124,0.06564661919911124
Yadokariviridae,13,0.0006564661919911124,0.06564661919911124
Artoviridae,13,0.0006564661919911124,0.06564661919911124
Tectiviridae,12,0.0006059687926071808,0.06059687926071808
Kirkoviridae,12,0.0006059687926071808,0.06059687926071808
Duinviridae,12,0.0006059687926071808,0.06059687926071808
Botybirnaviridae,12,0.0006059687926071808,0.06059687926071808
Leishbuviridae,12,0.0006059687926071808,0.06059687926071808
Aliusviridae,12,0.0006059687926071808,0.06059687926071808
Pootjesviridae,11,0.000555471393223249,0.0555471393223249
Orlajensenviridae,11,0.000555471393223249,0.0555471393223249
Zobellviridae,11,0.000555471393223249,0.0555471393223249
Saffermanviridae,10,0.0005049739938393173,0.05049739938393173
Lipothrixviridae,10,0.0005049739938393173,0.05049739938393173
Hafunaviridae,10,0.0005049739938393173,0.05049739938393173
Alloherpesviridae,10,0.0005049739938393173,0.05049739938393173
Nipumfusiviridae,10,0.0005049739938393173,0.05049739938393173
Endolinaviridae,10,0.0005049739938393173,0.05049739938393173
Anicreviridae,9,0.00045447659445538557,0.04544765944553856
Metaviridae,9,0.00045447659445538557,0.04544765944553856
Artiviridae,9,0.00045447659445538557,0.04544765944553856
Fuselloviridae,9,0.00045447659445538557,0.04544765944553856
Curvulaviridae,8,0.00040397919507145384,0.040397919507145386
Qinviridae,8,0.00040397919507145384,0.040397919507145386
Benyviridae,8,0.00040397919507145384,0.040397919507145386
Gandrviridae,8,0.00040397919507145384,0.040397919507145386
Alisviridae,8,0.00040397919507145384,0.040397919507145386
Megabirnaviridae,8,0.00040397919507145384,0.040397919507145386
Lebotiviridae,8,0.00040397919507145384,0.040397919507145386
Marseilleviridae,8,0.00040397919507145384,0.040397919507145386
Cruliviridae,8,0.00040397919507145384,0.040397919507145386
Picobirnaviridae,7,0.0003534817956875221,0.03534817956875221
Mayoviridae,7,0.0003534817956875221,0.03534817956875221
Ootiviridae,7,0.0003534817956875221,0.03534817956875221
Nenyaviridae,7,0.0003534817956875221,0.03534817956875221
Mycoalphaviridae,7,0.0003534817956875221,0.03534817956875221
Lakviridae,7,0.0003534817956875221,0.03534817956875221
Alphatetraviridae,6,0.0003029843963035904,0.03029843963035904
Ascoviridae,6,0.0003029843963035904,0.03029843963035904
Trautnerviridae,6,0.0003029843963035904,0.03029843963035904
Aspiviridae,6,0.0003029843963035904,0.03029843963035904
Duneviridae,6,0.0003029843963035904,0.03029843963035904
Pithoviridae,6,0.0003029843963035904,0.03029843963035904
Pachyviridae,5,0.00025248699691965865,0.025248699691965866
Alternaviridae,5,0.00025248699691965865,0.025248699691965866
Konkoviridae,5,0.00025248699691965865,0.025248699691965866
Kruegerviridae,5,0.00025248699691965865,0.025248699691965866
Plectroviridae,5,0.00025248699691965865,0.025248699691965866
Pneumoviridae,5,0.00025248699691965865,0.025248699691965866
Autolykiviridae,5,0.00025248699691965865,0.025248699691965866
Quadriviridae,5,0.00025248699691965865,0.025248699691965866
Thalassapleoviridae,5,0.00025248699691965865,0.025248699691965866
Crevaviridae,4,0.00020198959753572692,0.020198959753572693
Matonaviridae,4,0.00020198959753572692,0.020198959753572693
Pseudoviridae,4,0.00020198959753572692,0.020198959753572693
Sphaerolipoviridae,4,0.00020198959753572692,0.020198959753572693
Roniviridae,4,0.00020198959753572692,0.020198959753572693
Globuloviridae,4,0.00020198959753572692,0.020198959753572693
Gammaflexiviridae,4,0.00020198959753572692,0.020198959753572693
Phlegiviridae,4,0.00020198959753572692,0.020198959753572693
Pistolviridae,4,0.00020198959753572692,0.020198959753572693
Rhodogtaviriformidae,4,0.00020198959753572692,0.020198959753572693
Deltaflexiviridae,4,0.00020198959753572692,0.020198959753572693
Euroniviridae,3,0.0001514921981517952,0.01514921981517952
Verdandiviridae,3,0.0001514921981517952,0.01514921981517952
Ampullaviridae,3,0.0001514921981517952,0.01514921981517952
Tristromaviridae,3,0.0001514921981517952,0.01514921981517952
Simuloviridae,3,0.0001514921981517952,0.01514921981517952
Chaacviridae,3,0.0001514921981517952,0.01514921981517952
Felixviridae,3,0.0001514921981517952,0.01514921981517952
Filamentoviridae,3,0.0001514921981517952,0.01514921981517952
Assiduviridae,3,0.0001514921981517952,0.01514921981517952
Konodaiviridae,3,0.0001514921981517952,0.01514921981517952
Haloferuviridae,3,0.0001514921981517952,0.01514921981517952
Paulinoviridae,3,0.0001514921981517952,0.01514921981517952
Permutotetraviridae,3,0.0001514921981517952,0.01514921981517952
Mesomimiviridae,3,0.0001514921981517952,0.01514921981517952
Obscuriviridae,3,0.0001514921981517952,0.01514921981517952
Metaxyviridae,3,0.0001514921981517952,0.01514921981517952
Wupedeviridae,3,0.0001514921981517952,0.01514921981517952
Yangangviridae,3,0.0001514921981517952,0.01514921981517952
Vertoviridae,3,0.0001514921981517952,0.01514921981517952
Winoviridae,3,0.0001514921981517952,0.01514921981517952
Toyamaviridae,3,0.0001514921981517952,0.01514921981517952
Thaspiviridae,3,0.0001514921981517952,0.01514921981517952
Tolecusatellitidae,2,0.00010099479876786346,0.010099479876786346
Allomimiviridae,2,0.00010099479876786346,0.010099479876786346
Molycolviridae,2,0.00010099479876786346,0.010099479876786346
Narnaviridae,2,0.00010099479876786346,0.010099479876786346
Mamonoviridae,2,0.00010099479876786346,0.010099479876786346
Malacoherpesviridae,2,0.00010099479876786346,0.010099479876786346
Itzamnaviridae,2,0.00010099479876786346,0.010099479876786346
Kleczkowskaviridae,2,0.00010099479876786346,0.010099479876786346
Asemoviridae,2,0.00010099479876786346,0.010099479876786346
Mestraviridae,2,0.00010099479876786346,0.010099479876786346
Pervagoviridae,2,0.00010099479876786346,0.010099479876786346
Hadakaviridae,2,0.00010099479876786346,0.010099479876786346
Madridviridae,2,0.00010099479876786346,0.010099479876786346
Hytrosaviridae,2,0.00010099479876786346,0.010099479876786346
Megatotiviridae,2,0.00010099479876786346,0.010099479876786346
Matsushitaviridae,2,0.00010099479876786346,0.010099479876786346
Fredfastierviridae,2,0.00010099479876786346,0.010099479876786346
Ekchuahviridae,2,0.00010099479876786346,0.010099479876786346
Forsetiviridae,2,0.00010099479876786346,0.010099479876786346
Portogloboviridae,2,0.00010099479876786346,0.010099479876786346
Skuldviridae,2,0.00010099479876786346,0.010099479876786346
Sinhaliviridae,2,0.00010099479876786346,0.010099479876786346
Soropartitiviridae,2,0.00010099479876786346,0.010099479876786346
Solinviviridae,2,0.00010099479876786346,0.010099479876786346
Turriviridae,2,0.00010099479876786346,0.010099479876786346
Corticoviridae,2,0.00010099479876786346,0.010099479876786346
Schizomimiviridae,2,0.00010099479876786346,0.010099479876786346
Cremegaviridae,2,0.00010099479876786346,0.010099479876786346
Eupolintoviridae,2,0.00010099479876786346,0.010099479876786346
Saparoviridae,2,0.00010099479876786346,0.010099479876786346
Bidnaviridae,2,0.00010099479876786346,0.010099479876786346
Yueviridae,2,0.00010099479876786346,0.010099479876786346
Sputniviroviridae,2,0.00010099479876786346,0.010099479876786346
Usuviridae,2,0.00010099479876786346,0.010099479876786346
Tulasviridae,2,0.00010099479876786346,0.010099479876786346
Amesuviridae,2,0.00010099479876786346,0.010099479876786346
Druskaviridae,2,0.00010099479876786346,0.010099479876786346
Graaviviridae,2,0.00010099479876786346,0.010099479876786346
Nanhypoviridae,1,5.049739938393173e-05,0.005049739938393173
Naomviridae,1,5.049739938393173e-05,0.005049739938393173
Mypoviridae,1,5.049739938393173e-05,0.005049739938393173
Monocitiviridae,1,5.049739938393173e-05,0.005049739938393173
Olifoviridae,1,5.049739938393173e-05,0.005049739938393173
Omnilimnoviroviridae,1,5.049739938393173e-05,0.005049739938393173
Yadonushiviridae,1,5.049739938393173e-05,0.005049739938393173
Yanlukaviridae,1,5.049739938393173e-05,0.005049739938393173
Myriaviridae,1,5.049739938393173e-05,0.005049739938393173
Nanghoshaviridae,1,5.049739938393173e-05,0.005049739938393173
Natareviridae,1,5.049739938393173e-05,0.005049739938393173
Noraviridae,1,5.049739938393173e-05,0.005049739938393173
Ahmunviridae,1,5.049739938393173e-05,0.005049739938393173
Ahpuchviridae,1,5.049739938393173e-05,0.005049739938393173
Huangdiviridae,1,5.049739938393173e-05,0.005049739938393173
Helgolandviridae,1,5.049739938393173e-05,0.005049739938393173
Halspiviridae,1,5.049739938393173e-05,0.005049739938393173
Halomagnusviridae,1,5.049739938393173e-05,0.005049739938393173
Guttaviridae,1,5.049739938393173e-05,0.005049739938393173
Gulliviroviridae,1,5.049739938393173e-05,0.005049739938393173
Gresnaviridae,1,5.049739938393173e-05,0.005049739938393173
Phypoliviridae,1,5.049739938393173e-05,0.005049739938393173
Kairosviridae,1,5.049739938393173e-05,0.005049739938393173
Barnaviridae,1,5.049739938393173e-05,0.005049739938393173
Krittikaviridae,1,5.049739938393173e-05,0.005049739938393173
Kunpengviridae,1,5.049739938393173e-05,0.005049739938393173
Leisingerviridae,1,5.049739938393173e-05,0.005049739938393173
Ludisviridae,1,5.049739938393173e-05,0.005049739938393173
Lutetiaviridae,1,5.049739938393173e-05,0.005049739938393173
Madisaviridae,1,5.049739938393173e-05,0.005049739938393173
Maviroviridae,1,5.049739938393173e-05,0.005049739938393173
Orpheoviridae,1,5.049739938393173e-05,0.005049739938393173
Mazoviaviridae,1,5.049739938393173e-05,0.005049739938393173
Medioniviridae,1,5.049739938393173e-05,0.005049739938393173
Parnassusviridae,1,5.049739938393173e-05,0.005049739938393173
Ovaliviridae,1,5.049739938393173e-05,0.005049739938393173
Plasmaviridae,1,5.049739938393173e-05,0.005049739938393173
Giardiaviridae,1,5.049739938393173e-05,0.005049739938393173
Dishuiviroviridae,1,5.049739938393173e-05,0.005049739938393173
Fuxiviridae,1,5.049739938393173e-05,0.005049739938393173
Gammaormycoviridae,1,5.049739938393173e-05,0.005049739938393173
Pungoviridae,1,5.049739938393173e-05,0.005049739938393173
Finnlakeviridae,1,5.049739938393173e-05,0.005049739938393173
Pyrstoviridae,1,5.049739938393173e-05,0.005049739938393173
Pigerviridae,1,5.049739938393173e-05,0.005049739938393173
Hydriviridae,1,5.049739938393173e-05,0.005049739938393173
Carmotetraviridae,1,5.049739938393173e-05,0.005049739938393173
Burtonviroviridae,1,5.049739938393173e-05,0.005049739938393173
Brachygtaviriformidae,1,5.049739938393173e-05,0.005049739938393173
Crepuscuviridae,1,5.049739938393173e-05,0.005049739938393173
Clavaviridae,1,5.049739938393173e-05,0.005049739938393173
Clermontviridae,1,5.049739938393173e-05,0.005049739938393173
Ruviroviridae,1,5.049739938393173e-05,0.005049739938393173
Satyavativiridae,1,5.049739938393173e-05,0.005049739938393173
Epsomviridae,1,5.049739938393173e-05,0.005049739938393173
Fervensviridae,1,5.049739938393173e-05,0.005049739938393173
Eurekaviridae,1,5.049739938393173e-05,0.005049739938393173
Speroviridae,1,5.049739938393173e-05,0.005049739938393173
Amnoonviridae,1,5.049739938393173e-05,0.005049739938393173
Soleiviridae,1,5.049739938393173e-05,0.005049739938393173
Shortaselviridae,1,5.049739938393173e-05,0.005049739938393173
Chiyouviridae,1,5.049739938393173e-05,0.005049739938393173
Bartogtaviriformidae,1,5.049739938393173e-05,0.005049739938393173
Ungulaviridae,1,5.049739938393173e-05,0.005049739938393173
Alvernaviridae,1,5.049739938393173e-05,0.005049739938393173
Belpaoviridae,1,5.049739938393173e-05,0.005049739938393173
Aoguangviridae,1,5.049739938393173e-05,0.005049739938393173
Apasviridae,1,5.049739938393173e-05,0.005049739938393173
Bicaudaviridae,1,5.049739938393173e-05,0.005049739938393173
Anaerodiviridae,1,5.049739938393173e-05,0.005049739938393173
Armatusviridae,1,5.049739938393173e-05,0.005049739938393173
Arenbergviridae,1,5.049739938393173e-05,0.005049739938393173
Sunviridae,1,5.049739938393173e-05,0.005049739938393173
Spiraviridae,1,5.049739938393173e-05,0.005049739938393173
Suolaviridae,1,5.049739938393173e-05,0.005049739938393173
Yaraviridae,1,5.049739938393173e-05,0.005049739938393173
Aggregaviridae,1,5.049739938393173e-05,0.005049739938393173
Abyssoviridae,1,5.049739938393173e-05,0.005049739938393173
